ID,Address,Type of Sale,Price,Size (Sq Ft),Baths,Beds,Latitude,Longitude
39,"7330 Bennett Lawson Rd, Mansfield, TX 76063",Realtor,"50,000","1,108",1,1,32.568362,-97.197049
65,"6705 Pecanwood Ct, Mansfield, TX 76063",Realtor,"65,000","1,232",2,2,32.530934,-97.197418
96,"5108 Weshire Dr, Mansfield, TX 76063",Realtor,"75,000","1,420",1,2,32.560225,-97.054106
37,"7365 Hinton Dr, Mansfield, TX 76063",Foreclosure,"77,000","3,500",2.5,3,32.566005,-97.197136
293,"1309 Honeysuckle Dr, Mansfield, TX 76063",Foreclosure,"79,500","1,680",2,3,32.547114,-97.122603
66,"6621 Pecanwood Ct, Mansfield, TX 76063",Realtor,"79,900","1,992",2,3,32.530158,-97.196864
4,"Habson Trl, Mansfield, TX 76063",Realtor,"87,500","1,205",1,1,32.564206,-97.199649
159,"314 McKown Dr, Mansfield, TX 76063",Realtor,"90,000","1,240",1,3,32.560462,-97.132219
165,"302 Short St, Mansfield, TX 76063",By Owner,"100,000",784,1,2,32.561253,-97.138504
72,"621 Hillcrest St, Mansfield, TX 76063",Realtor,"105,000","1,723",3,3,32.556647,-97.1275
94,"521 Elizabeth Ln, Mansfield, TX 76063",Foreclosure,"114,000","1,113",1.5,3,32.557406,-97.143639
149,"340 Morgan Rd, Mansfield, TX 76063",Realtor,"119,600","1,392",2.5,3,32.558797,-97.163346
282,"14 S Holland Rd, Mansfield, TX 76063",Realtor,"120,000","1,250",1.5,3,32.564169,-97.0666
139,"4098 Water Park Cir, Mansfield, TX 76063",Realtor,"120,000","1,609",2,3,32.572009,-97.072919
100,"505 S Willow St, Mansfield, TX 76063",Realtor,"125,000","1,375",2,3,32.559597,-97.126878
299,"1219 Newt Patterson Rd, Mansfield, TX 76063",Foreclosure,"129,000","2,500",3,4,32.574321,-97.162892
28,"8000 Levy County Line Rd, Mansfield, TX 76063",Realtor,"129,000","1,579",1.5,4,32.554488,-97.209475
79,"606 Dorchester Ln, Mansfield, TX 76063",Realtor,"133,950","1,983",2,4,32.606112,-97.132051
101,"505 Plainview Dr, Mansfield, TX 76063",Realtor,"134,000","1,230",2,3,32.55847,-97.135797
20,"809 Meadowlark Dr, Mansfield, TX 76063",Realtor,"134,500","1,485",2,3,32.576407,-97.141114
249,"1711 Tonya May Ln, Mansfield, TX 76063",Realtor,"135,000","1,228",2,3,32.588539,-97.16944
99,"507 Plainview Dr, Mansfield, TX 76063",Realtor,"135,000","1,250",2,3,32.55831,-97.135689
18,"812 Skylark Dr, Mansfield, TX 76063",Realtor,"135,000","1,285",2,4,32.578257,-97.138704
311,"1114 Hidden Creek Dr, Mansfield, TX 76063",Realtor,"139,900","1,358",2,3,32.58486,-97.16036
92,"533 Mockingbird Dr, Mansfield, TX 76063",Realtor,"140,000","1,197",2,3,32.580837,-97.138213
90,"564 N Walnut Creek Dr, Mansfield, TX 76063",Realtor,"140,000","2,000",2,3,32.57283,-97.132825
74,"612 Strada Cir, Mansfield, TX 76063",Realtor,"140,000","2,150",1.5,3,32.572675,-97.13229
40,"728 Kensington Ln, Mansfield, TX 76063",Realtor,"140,000","1,726",2,3,32.590347,-97.139161
288,"1316 Ivy Creek Dr, Mansfield, TX 76063",Realtor,"145,000","1,424",2,3,32.586472,-97.159516
193,"2407 Ravenwood Ct, Mansfield, TX 76063",Realtor,"145,000","1,240",2,2,32.597126,-97.166317
91,"542 Berryhill Dr, Mansfield, TX 76063",By Owner,"149,900","1,608",2,3,32.555733,-97.13672
233,"1950 Newt Patterson Rd, Mansfield, TX 76063",Realtor,"150,000","1,565",2,3,32.574726,-97.174981
32,"7939 Grimsley Gibson Rd, Mansfield, TX 76063",Realtor,"150,000","2,100",2,3,32.590923,-97.190701
263,"1537 Inverness Rd, Mansfield, TX 76063",Realtor,"155,000","2,111",2,3,32.59526,-97.121086
170,"3012 Rustic Meadow Trl, Mansfield, TX 76063",Realtor,"155,000","1,606",2,3,32.568206,-97.09013
286,"1319 Maple Terrace Dr, Mansfield, TX 76063",Realtor,"157,000","1,913",2,5,32.581026,-97.166731
332,"1003 Springfield St, Mansfield, TX 76063",Realtor,"159,000","2,461",2,3,32.591512,-97.130229
330,"1006 Westminster Ln, Mansfield, TX 76063",Realtor,"160,000","1,581",2,3,32.590188,-97.129944
307,"119 Magnolia St, Mansfield, TX 76063",Realtor,"160,000","2,025",1,3,32.567743,-97.122275
285,"1354 Breckenridge Rd, Mansfield, TX 76063",Realtor,"164,900","1,709",2,3,32.589631,-97.136792
281,"1401 Concho Trl, Mansfield, TX 76063",Realtor,"168,900","1,836",2,3,32.542564,-97.123621
284,"138 Turner Warnell Rd, Mansfield, TX 76063",Foreclosure,"169,900","2,154",2.5,4,32.609246,-97.178812
245,"1716 Treasure Cay Dr, Mansfield, TX 76063",Realtor,"170,000","1,674",2,3,32.59005,-97.178077
38,"734 Montvale Dr, Mansfield, TX 76063",Realtor,"172,500","1,659",2,3,32.589345,-97.138159
250,"1710 Ryanfeld Dr, Mansfield, TX 76063",Realtor,"175,000","1,619",2,3,32.588423,-97.169693
334,"1001 Cutting Horse Dr, Mansfield, TX 76063",Realtor,"179,000","1,600",2,3,32.548118,-97.118828
202,"2207 Field Ln, Mansfield, TX 76063",Realtor,"179,000","1,818",2,3,32.594931,-97.102184
9,"924 Remington Ranch Rd, Mansfield, TX 76063",Realtor,"179,000","1,659",2,3,32.54913,-97.116258
154,"3208 Bloomfield Trl, Mansfield, TX 76063",Realtor,"179,900","1,832",2,3,32.610486,-97.132056
69,"635 Jamie Ln, Mansfield, TX 76063",Realtor,"188,500","1,629",2,4,32.60432,-97.129901
278,"1403 Southern Hills Dr, Mansfield, TX 76063",Realtor,"188,888","2,100",2.5,3,32.581993,-97.112716
161,"310 E Broad St, Mansfield, TX 76063",Realtor,"190,000","1,700",1,1,32.562921,-97.138693
134,"417 Meadow Creek Dr, Mansfield, TX 76063",Realtor,"190,000","2,307",4,4,32.590644,-97.181037
266,"1510 Cancun Dr, Mansfield, TX 76063",Realtor,"192,500","1,978",2,4,32.587574,-97.171517
176,"3 Bahama Ct, Mansfield, TX 76063",Realtor,"192,900","1,982",2,4,32.586553,-97.17173
264,"1523 Stratford Dr, Mansfield, TX 76063",Realtor,"194,000","1,912",2.5,4,32.595115,-97.1144
212,"212 Forestridge Dr, Mansfield, TX 76063",Realtor,"194,900","1,896",2,4,32.603085,-97.136458
116,"4601 Fox Meadows Ln, Mansfield, TX 76063",Realtor,"194,900","2,000",2,3,32.551765,-97.062778
300,"1218 Chapel Hill Dr, Mansfield, TX 76063",Realtor,"195,000","1,760",3,4,32.596014,-97.111729
292,"1310 Chase Trl, Mansfield, TX 76063",Realtor,"195,000","1,856",2,3,32.543653,-97.122952
243,"1720 Hastings Dr, Mansfield, TX 76063",Realtor,"195,000","2,101",3,5,32.59695,-97.109405
291,"1311 Maple Terrace Dr, Mansfield, TX 76063",Realtor,"199,000","2,034",2,4,32.581351,-97.166058
244,"1719 Hastings Dr, Mansfield, TX 76063",Realtor,"199,000","1,879",4,5,32.597255,-97.109866
107,"5 Dorchester Ct, Mansfield, TX 76063",By Owner,"199,000","1,854",2,3,32.605744,-97.1331
251,"1706 McGarry Ln, Mansfield, TX 76063",Realtor,"199,900","2,035",2,3,32.599787,-97.112801
83,"601 Saint Eric Dr, Mansfield, TX 76063",Realtor,"199,900","2,027",2,3,32.604506,-97.132729
259,"1611 Cheyenne Trl, Mansfield, TX 76063",Realtor,"200,000","2,000",2.5,4,32.603772,-97.117122
163,"3065 Willowstone Trl, Mansfield, TX 76063",Realtor,"200,000","2,291",2,4,32.609376,-97.139202
153,"3209 Bloomfield Trl, Mansfield, TX 76063",Realtor,"200,000","2,043",2,3,32.610209,-97.13237
152,"3217 Dove Valley Ln, Mansfield, TX 76063",Realtor,"200,000","1,854",2,4,32.569578,-97.086697
246,"1715 McGarry Ln, Mansfield, TX 76063",Realtor,"202,000","2,010",2,3,32.600623,-97.112142
274,"1416 Cowtown Dr, Mansfield, TX 76063",Realtor,"205,000","2,135",2.5,4,32.547313,-97.117075
234,"1934 Perry Dr, Mansfield, TX 76063",Realtor,"205,000","2,382",2.5,4,32.60059,-97.106122
199,"2307 Primrose Trl, Mansfield, TX 76063",Realtor,"205,000","2,200",2,3,32.606286,-97.102421
51,"707 Meadowbrook Ln, Mansfield, TX 76063",Realtor,"205,000","2,044",2,3,32.551861,-97.059699
110,"4711 Bluebird Ln, Mansfield, TX 76063",Realtor,"206,700","2,437",2.5,4,32.549516,-97.060888
82,"602 Everglade Dr, Mansfield, TX 76063",Realtor,"207,500","1,979",2,3,32.572409,-97.13903
5,"County Road 612, Mansfield, TX 76063",Realtor,"207,500","2,000",2,3,32.548001,-97.196728
211,"2124 Turtle Cove Dr, Mansfield, TX 76063",Realtor,"208,000","1,974",2,4,32.587504,-97.180141
321,"109 Willow Creek Cir, Mansfield, TX 76063",Realtor,"208,900","2,491",3,3,32.577273,-97.203594
265,"1517 Kendal Dr, Mansfield, TX 76063",Realtor,"210,000","2,139",2,3,32.598862,-97.116149
256,"1651 Fm Rd # 1187, Mansfield, TX 76063",Realtor,"210,000","2,100",2.5,3,32.587228,-97.16829
225,"2014 Nugent Dr, Mansfield, TX 76063",Realtor,"210,000","2,046",2,4,32.598625,-97.105576
70,"634 Dover Heights Trl, Mansfield, TX 76063",Realtor,"210,000","2,019",2,4,32.606338,-97.1297
236,"1903 Windcastle Dr, Mansfield, TX 76063",Realtor,"212,000","2,246",2,3,32.600559,-97.109224
141,"404 Country Meadow Dr, Mansfield, TX 76063",Realtor,"214,900","2,158",2,4,32.593223,-97.180133
242,"1720 Wren Dr, Mansfield, TX 76063",Realtor,"215,000","2,322",2.5,4,32.59736,-97.110418
275,"1415 Clover Hill Rd, Mansfield, TX 76063",Realtor,"215,335","2,012",2,3,32.591422,-97.126618
301,"1213 Saint Andrews Dr, Mansfield, TX 76063",Realtor,"219,500","1,867",2,3,32.585539,-97.122062
198,"2309 Grimsley Ter, Mansfield, TX 76063",Realtor,"224,000","2,003",2,4,32.59684,-97.100489
289,"1315 Chestnut Rd, Mansfield, TX 76063",Realtor,"225,000","2,150",2,4,32.5879,-97.129968
164,"3055 Willowstone Trl, Mansfield, TX 76063",Realtor,"225,000","3,049",3.5,5,32.608526,-97.139487
43,"715 San Antonio Trl, Mansfield, TX 76063",Realtor,"225,000","2,624",2,4,32.573869,-97.076893
270,"1450 Newt Patterson Rd, Mansfield, TX 76063",Realtor,"229,000","1,600",1.5,3,32.575774,-97.16668
273,"1418 New Haven Dr, Mansfield, TX 76063",Realtor,"230,000","2,083",2,3,32.594192,-97.116785
138,"4100 Orchid Ln, Mansfield, TX 76063",Realtor,"230,000","2,200",2,3,32.580657,-97.071467
329,"1007 Saint Eric Dr, Mansfield, TX 76063",Realtor,"235,000","2,547",2,4,32.608891,-97.123595
142,"4010 Orchid Ln, Mansfield, TX 76063",Realtor,"238,000","2,274",2,4,32.580561,-97.071894
235,"1916 Windcastle Dr, Mansfield, TX 76063",Realtor,"239,500","2,862",2.5,4,32.600645,-97.10787
260,"1610 Bertram Dr, Mansfield, TX 76063",Foreclosure,"240,000","2,786",2.5,5,32.590903,-97.169763
171,"3003 Saint Bartholomew Dr, Mansfield, TX 76063",Realtor,"240,000","2,512",2.5,3,32.60992,-97.121862
80,"603 Strada Cir, Mansfield, TX 76063",Realtor,"240,000","2,605",2,4,32.57225,-97.132232
76,"609 Strada Cir, Mansfield, TX 76063",Realtor,"240,000","2,355",3,4,32.572441,-97.132745
75,"612 S Parkridge Dr, Mansfield, TX 76063",Realtor,"240,000","2,172",2,4,32.570499,-97.136274
308,"1122 Brook Arbor Dr, Mansfield, TX 76063",Realtor,"244,900","2,267",2,4,32.579148,-97.09477
180,"2813 Claremont Dr, Mansfield, TX 76063",Realtor,"245,000","2,448",2.5,4,32.605336,-97.12174
54,"706 Fannin Ln, Mansfield, TX 76063",Realtor,"245,000","2,650",2.5,4,32.575362,-97.073064
191,"2513 Edgefield Trl, Mansfield, TX 76063",Realtor,"246,000","2,650",2,4,32.601252,-97.09771
302,"1212 Dover Heights Trl, Mansfield, TX 76063",Realtor,"249,900","2,322",2,4,32.611095,-97.119849
174,"300 Ranch Trl, Mansfield, TX 76063",Realtor,"249,900","2,580",3,4,32.598508,-97.135408
267,"1503 Stratford Dr, Mansfield, TX 76063",Realtor,"250,000","2,529",2.5,4,32.593655,-97.11557
253,"1700 Tonya May Ln, Mansfield, TX 76063",Realtor,"250,000","2,443",3.5,4,32.588014,-97.168512
58,"703 Manchester Dr, Mansfield, TX 76063",Realtor,"250,000","2,562",3,5,32.609187,-97.129717
25,"802 Coal Creek Dr, Mansfield, TX 76063",Realtor,"250,000","2,542",2,4,32.602539,-97.126025
327,"101 Bayonne Dr, Mansfield, TX 76063",Realtor,"252,300","3,200",3.5,4,32.561788,-97.05562
46,"712 Fannin Ln, Mansfield, TX 76063",Realtor,"254,000","3,136",2.5,4,32.575845,-97.073377
160,"3121 Summer Grove Ct, Mansfield, TX 76063",Realtor,"254,900","2,844",2.5,4,32.609824,-97.134623
120,"4322 Gleneagles Dr, Mansfield, TX 76063",Realtor,"254,900","2,369",3,4,32.562441,-97.066725
117,"4515 Ridgeway Dr, Mansfield, TX 76063",Realtor,"255,000","3,257",3.5,4,32.55883,-97.062678
184,"2702 Saint Kitts Dr, Mansfield, TX 76063",Realtor,"256,900","2,214",2,3,32.603111,-97.126544
276,"1409 Lowes Farm Pkwy, Mansfield, TX 76063",Realtor,"257,000","2,606",2,4,32.584803,-97.073609
214,"2112 Harvest Way, Mansfield, TX 76063",Realtor,"257,000","2,751",3,3,32.595986,-97.141095
185,"264 Garretson Ln, Mansfield, TX 76063",By Owner,"259,000","1,562",1,3,32.593432,-97.174624
239,"18007 Saddlehorn Ln, Mansfield, TX 76063",Realtor,"259,900","2,157",3,4,32.59066,-97.090837
204,"2205 Laura Elizabeth Trl, Mansfield, TX 76063",Realtor,"259,900","2,689",2.5,4,32.602958,-97.102278
183,"2705 Rocky Creek Dr, Mansfield, TX 76063",Realtor,"259,900","2,828",2.5,4,32.602378,-97.129421
121,"4315 Jasmine Ln, Mansfield, TX 76063",Realtor,"260,000","2,791",3,3,32.557854,-97.068425
136,"4103 Greenwood Way, Mansfield, TX 76063",Realtor,"262,500","2,751",2,4,32.582687,-97.072015
258,"1613 Fairfax Dr, Mansfield, TX 76063",Realtor,"263,500","2,819",2.5,5,32.600736,-97.119936
131,"4302 Stonebriar Trl, Mansfield, TX 76063",Realtor,"264,900","2,336",3,4,32.563113,-97.067572
16,"818 Xavier Dr, Mansfield, TX 76063",Realtor,"264,900","2,237",2,3,32.590745,-97.133797
232,"2 Macan Ct, Mansfield, TX 76063",Realtor,"265,000","2,996",2,4,32.596604,-97.097329
151,"3235 Winding Ridge Cir, Mansfield, TX 76063",Realtor,"265,000","3,107",3,5,32.611282,-97.129052
128,"4305 Mulligan Ave, Mansfield, TX 76063",Realtor,"265,000","2,546",2.5,3,32.559516,-97.069448
119,"4412 Winding Glen Ln, Mansfield, TX 76063",Realtor,"266,500","2,612",3.5,4,32.574871,-97.065056
324,"103 Herrington Dr, Mansfield, TX 76063",Realtor,"267,500","3,082",2.5,4,32.615619,-97.143408
313,"111 Misty Mesa Trl, Mansfield, TX 76063",Realtor,"267,500","3,220",3,5,32.60854,-97.137851
216,"2106 Hodges Pl, Mansfield, TX 76063",Realtor,"270,000","2,686",2,4,32.596795,-97.096203
205,"2204 Forest Park Cir, Mansfield, TX 76063",Realtor,"270,000","2,835",2.5,4,32.596515,-97.142073
188,"2601 Rocky Creek Dr, Mansfield, TX 76063",Realtor,"270,000","3,196",3,5,32.60046,-97.129084
187,"2604 Landmark Ct, Mansfield, TX 76063",Foreclosure,"270,000","4,224",3,5,32.603028,-97.104861
197,"2313 Dobree St, Mansfield, TX 76063",Realtor,"274,900","2,781",2.5,4,32.601582,-97.099317
310,"1116 Clubhouse Dr, Mansfield, TX 76063",Realtor,"275,000","2,597",3,3,32.582889,-97.123129
146,"4 Mills Ct, Mansfield, TX 76063",Realtor,"275,000","3,060",2.5,3,32.592607,-97.112742
175,"3 Colt Ct, Mansfield, TX 76063",Realtor,"277,000","2,689",2.5,4,32.592179,-97.096649
190,"2513 Goodnight Trl, Mansfield, TX 76063",Realtor,"278,900","2,692",3,4,32.601037,-97.135783
294,"1304 Liverpool Ln, Mansfield, TX 76063",Realtor,"280,000","3,710",3.5,5,32.605967,-97.145659
42,"718 San Antonio Trl, Mansfield, TX 76063",Realtor,"283,000","3,964",3.5,4,32.574405,-97.076622
73,"617 Manchester Dr, Mansfield, TX 76063",Realtor,"283,200","2,753",3,4,32.607698,-97.132855
147,"4 Losana Ct, Mansfield, TX 76063",Foreclosure,"288,000","3,199",3.5,4,32.600307,-97.127969
97,"509 Biscayne Dr, Mansfield, TX 76063",Realtor,"288,750","2,750",2.5,4,32.571525,-97.140157
271,"1439 Newt Patterson Rd, Mansfield, TX 76063",Realtor,"289,000","1,925",2.5,3,32.575381,-97.166315
272,"1420 Genesis Dr, Mansfield, TX 76063",Realtor,"289,900","2,963",2.5,5,32.588166,-97.068215
162,"307 Victory Ln, Mansfield, TX 76063",Realtor,"289,900","3,055",3.5,4,32.557432,-97.072454
130,"4303 Jasmine Ln, Mansfield, TX 76063",Realtor,"290,000","3,270",2.5,3,32.557877,-97.069768
22,"8051 Newt Patterson Ct, Mansfield, TX 76063",Realtor,"290,000","1,792",2,3,32.601761,-97.189438
135,"411 Canadian Trl, Mansfield, TX 76063",Realtor,"292,500","2,972",2.5,4,32.604029,-97.133704
78,"6085 Autumn Hills Dr, Fort Worth, TX 76140",Realtor,"294,750","2,523",3,4,32.588932,-97.257779
71,"6239 Newt Patterson Rd, Mansfield, TX 76063",Realtor,"295,000","2,355",1.5,3,32.587206,-97.185087
106,"500 Daffodil Ln, Mansfield, TX 76063",By Owner,"296,376","2,096",2,3,32.554404,-97.06127
218,"2103 Sandhurst Dr, Mansfield, TX 76063",Realtor,"297,000","2,698",2.5,3,32.593445,-97.106084
62,"7 Pinedale Ct, Mansfield, TX 76063",Realtor,"299,000","3,912",3.5,5,32.563771,-97.06029
118,"4502 Sunflower Dr, Mansfield, TX 76063",By Owner,"299,450","2,050",2,4,32.553841,-97.061258
315,"1105 Meriwether St, Mansfield, TX 76063",Realtor,"299,900","2,896",3,4,32.599489,-97.163813
221,"208 Forestridge Dr, Mansfield, TX 76063",Realtor,"299,900","3,459",3.5,5,32.602793,-97.137015
15,"833 Pecos Ct, Mansfield, TX 76063",Realtor,"299,900","2,850",3,4,32.577207,-97.16101
88,"6 Camden Ct, Mansfield, TX 76063",Realtor,"299,999","3,917",3,5,32.602196,-97.10985
320,"110 Silverwood Dr, Mansfield, TX 76063",Realtor,"300,000","4,040",4,5,32.560544,-97.060957
296,"1303 Cherry Hill Ct, Mansfield, TX 76063",By Owner,"300,000","2,296",2,3,32.585702,-97.123047
166,"3017 Saint George Dr, Mansfield, TX 76063",Realtor,"300,000","3,482",3.5,5,32.612215,-97.121281
23,"804 Bandelier Ln, Mansfield, TX 76063",Realtor,"300,000","2,256",2,3,32.599163,-97.153559
126,"4307 Lone Oak Dr, Mansfield, TX 76063",Realtor,"305,000","3,309",3.5,5,32.583105,-97.067313
125,"4307 Mulligan Ave, Mansfield, TX 76063",Realtor,"305,000","3,156",3.5,4,32.55952,-97.069221
178,"2905 Saint Martin Dr, Mansfield, TX 76063",Realtor,"305,500","3,862",3.5,5,32.60978,-97.124501
200,"2306 Cathy Ct, Mansfield, TX 76063",Realtor,"308,000","3,639",2.5,3,32.610615,-97.152039
115,"4602 Sunflower Dr, Mansfield, TX 76063",Realtor,"311,717","2,691",2.5,3,32.553841,-97.061258
319,"1103 Doubletree Ln, Mansfield, TX 76063",Realtor,"313,000","3,722",3.5,5,32.580454,-97.167338
122,"4313 Palmer Dr, Mansfield, TX 76063",Realtor,"319,000","3,971",4.5,5,32.560795,-97.068717
124,"4307 Old Grove Dr, Mansfield, TX 76063",Realtor,"319,500","3,694",3.5,5,32.587567,-97.070256
201,"221 Forestridge Dr, Mansfield, TX 76063",Foreclosure,"319,900","3,834",3.5,5,32.604192,-97.136461
186,"2608 Woodbridge Trl, Mansfield, TX 76063",Realtor,"320,000","2,618",3,4,32.584217,-97.096963
168,"3015 Newsom Ridge Dr, Mansfield, TX 76063",Realtor,"324,023","2,171",2,3,32.563192,-97.141677
323,"1033 Cypress Pt, Mansfield, TX 76063",Realtor,"324,900","3,215",4,5,32.581994,-97.124455
177,"2915 Saint Charles Dr, Mansfield, TX 76063",Realtor,"324,900","3,432",3.5,5,32.607042,-97.126423
326,"1010 Muirfield Dr, Mansfield, TX 76063",Realtor,"325,000","2,509",2.5,3,32.587326,-97.118878
231,"2 Manordale Ct, Mansfield, TX 76063",Realtor,"325,000","4,565",3.5,5,32.562895,-97.056487
215,"211 House Rd, Mansfield, TX 76063",By Owner,"325,000","1,710",2,4,32.583364,-97.149113
325,"1019 Brook Arbor Dr, Mansfield, TX 76063",Realtor,"329,900","2,666",2.5,4,32.579529,-97.097356
306,"12 Misty Mesa Ct, Mansfield, TX 76063",Realtor,"330,000","4,323",3.5,5,32.607567,-97.141306
127,"4305 Stonebriar Trl, Mansfield, TX 76063",Realtor,"330,000","3,284",3,5,32.56359,-97.067533
173,"3003 Flintridge Dr, Mansfield, TX 76063",Realtor,"332,900","3,520",3.5,5,32.60608,-97.12044
298,"1220 Bankston Ln, Mansfield, TX 76063",Realtor,"334,000","3,615",3.5,5,32.586439,-97.063343
67,"6498 Dick Price Rd, Mansfield, TX 76063",By Owner,"334,000","2,400",3,5,32.607063,-97.219882
322,"1049 Chesapeake Dr, Mansfield, TX 76063",Realtor,"334,900","2,818",3,4,32.578328,-97.160867
114,"4606 Sunflower Dr, Mansfield, TX 76063",Realtor,"336,535","2,928",3.5,4,32.553841,-97.061258
222,"208 Country Meadow Ct, Mansfield, TX 76063",Realtor,"338,000","4,372",3.5,5,32.596912,-97.171358
55,"705 Player Ave, Mansfield, TX 76063",Realtor,"339,000","3,620",3.5,5,32.551185,-97.068349
328,"1008 Yukon Dr, Mansfield, TX 76063",Realtor,"339,900","2,991",2.5,4,32.580105,-97.158241
290,"1313 Waterwood Dr, Mansfield, TX 76063",Realtor,"339,900","2,557",3,4,32.579793,-97.097063
189,"2513 Vista Ridge Dr, Mansfield, TX 76063",Realtor,"339,900","4,533",3.5,5,32.572088,-97.096833
248,"1712 Yarmouth Ln, Mansfield, TX 76063",Realtor,"340,000","3,797",4.5,5,32.597698,-97.124123
109,"4801 Sunflower Dr, Mansfield, TX 76063",Realtor,"342,330","2,959",2.5,3,32.553841,-97.061258
158,"3190 E Broad St, Mansfield, TX 76063",Realtor,"343,384","3,500",2,4,32.57767,-97.079714
49,"710 Ascot Park Dr, Mansfield, TX 76063",Realtor,"344,899","3,887",3.5,5,32.574214,-97.096179
316,"1105 McKenzie Dr, Mansfield, TX 76063",Realtor,"344,900","3,323",3,3,32.577794,-97.163435
52,"707 Glen Abbey Dr, Mansfield, TX 76063",Realtor,"344,950","2,986",3.5,4,32.58355,-97.107375
262,"1600 Country Club Dr, Mansfield, TX 76063",Realtor,"345,000","1,498",2,3,32.591152,-97.112592
104,"501 Carnation Ln, Mansfield, TX 76063",Realtor,"349,990","3,276",3,4,32.553993,-97.067524
331,"1006 Wabash Trl, Mansfield, TX 76063",Realtor,"350,000","3,201",2.5,4,32.580249,-97.161383
304,"1208 Lake Meadow Dr, Mansfield, TX 76063",Realtor,"350,000","3,510",3,4,32.599193,-97.123855
228,"2002 Hickory Hill Dr, Mansfield, TX 76063",Realtor,"350,000","2,950",3,4,32.609108,-97.104356
129,"4303 Woodcrest Ln, Mansfield, TX 76063",Realtor,"350,000","4,335",3.5,4,32.585317,-97.069142
113,"4700 Periwinkle Dr, Mansfield, TX 76063",Realtor,"357,283","3,223",3.5,4,32.554738,-97.062704
137,"4102 Nicklaus Ave, Mansfield, TX 76063",Realtor,"359,900","4,284",3,4,32.550982,-97.070706
77,"609 Hogan Alley Dr, Mansfield, TX 76063",Realtor,"359,900","4,411",3.5,4,32.552951,-97.072293
93,"522 Cobblestone Cir, Mansfield, TX 76063",By Owner,"359,990","2,975",3,4,32.553339,-97.06867
209,"2202 Bent Creek Ct, Mansfield, TX 76063",Realtor,"364,000","3,150",3.5,4,32.608635,-97.105991
309,"1118 Danbury Dr, Mansfield, TX 76063",Realtor,"364,900","3,235",3,4,32.580857,-97.117242
227,"2004 Hickory Hill Dr, Mansfield, TX 76063",Realtor,"365,000","3,268",3.5,4,32.609108,-97.104356
145,"400 S 287 Hwy, Mansfield, TX 76063",Realtor,"368,000","2,800",2,4,32.560117,-97.142398
217,"2105 Kingsbury Rd, Mansfield, TX 76063",Realtor,"368,450","2,717",3,3,32.58996,-97.104666
255,"1675 N Main St, Mansfield, TX 76063",Realtor,"369,280","2,509",2.5,3,32.588954,-97.160999
283,"1391 Fairhaven Dr, Mansfield, TX 76063",Realtor,"369,900","3,305",3.5,4,32.589277,-97.116654
140,"409 Buttercup Ct, Mansfield, TX 76063",Realtor,"369,900","3,430",3.5,5,32.555861,-97.069295
133,"4210 Cobblestone Cir, Mansfield, TX 76063",Realtor,"369,990","3,430",3.5,5,32.553339,-97.068618
169,"3013 Newsom Ridge Dr, Mansfield, TX 76063",Realtor,"372,195","2,761",3,4,32.563192,-97.141677
167,"3016 Newsom Ridge Dr, Mansfield, TX 76063",Realtor,"373,306","2,967",3,4,32.563192,-97.141677
213,"2117 Castle Creek Dr, Mansfield, TX 76063",Realtor,"375,000","2,628",2.5,3,32.591322,-97.103958
81,"603 Acadia St, Mansfield, TX 76063",Foreclosure,"375,000","3,466",3,4,32.600016,-97.153626
150,"3304 Hunter Oaks Ct, Mansfield, TX 76063",Realtor,"380,000","4,247",3.5,5,32.611579,-97.149446
112,"4700 Sunflower Dr, Mansfield, TX 76063",Realtor,"380,963","3,643",3.5,4,32.553841,-97.061258
63,"6900 Hollow Oak Trl, Mansfield, TX 76063",Realtor,"384,900","2,911",2.5,3,32.573717,-97.209076
287,"1317 Thistle Ln, Mansfield, TX 76063",Realtor,"385,000","4,201",3.5,4,32.585498,-97.068109
192,"2411 Denali Ct, Mansfield, TX 76063",Realtor,"385,000","3,275",3.5,4,32.600062,-97.156084
21,"806 Majestic Oaks Ct, Mansfield, TX 76063",Realtor,"385,000","3,209",3.5,4,32.611891,-97.153114
230,"200 Rock Tree Ct, Mansfield, TX 76063",By Owner,"389,000","3,671",3.5,4,32.599235,-97.173928
45,"714 Colby Dr, Mansfield, TX 76063",Realtor,"389,000","2,890",2.5,3,32.57518,-97.096545
44,"714 Walnut Hollow Dr, Mansfield, TX 76063",Realtor,"389,900","3,010",2.5,4,32.574913,-97.103974
335,"1 Katie Ct, Mansfield, TX 76063",Realtor,"390,000","3,215",4,5,32.575524,-97.105134
314,"1108 Columbia Dr, Mansfield, TX 76063",Realtor,"394,000","3,684",3.5,5,32.579548,-97.159387
203,"2207 Castle Creek Dr, Mansfield, TX 76063",Realtor,"396,500","4,156",4,4,32.591731,-97.103085
98,"508 Pine Island Cir, Mansfield, TX 76063",Realtor,"396,887","2,827",2.5,3,32.572648,-97.15019
194,"237 Cagle Crow Rd, Mansfield, TX 76063",By Owner,"398,850","1,924",2.5,4,32.610587,-97.188532
19,"811 Bandelier Ln, Mansfield, TX 76063",Realtor,"399,640","3,359",2,3,32.599163,-97.153559
247,"1715 Fm Rd # 1187, Mansfield, TX 76063",Realtor,"400,000","3,510",3,4,32.58645,-97.170119
155,"3203 Stone Canyon Dr, Mansfield, TX 76063",Realtor,"400,000","3,879",4,5,32.609581,-97.106712
103,"501 San Ysidro Trl, Mansfield, TX 76063",Realtor,"400,109","3,986",4.5,5,32.569673,-97.061312
219,"2102 Hickory Hill Ct, Mansfield, TX 76063",Realtor,"404,128","3,886",4.5,5,32.593069,-97.125801
305,"1204 Rendon Pl, Mansfield, TX 76062",Realtor,"405,000","2,782",3,4,32.63243,-97.201505
179,"2904 Reese Park Dr, Mansfield, TX 76062",Realtor,"408,000","2,801",2.5,4,32.577154,-97.134993
85,"601 Colby Dr, Mansfield, TX 76063",By Owner,"409,126","2,662",2,3,32.57518,-97.096545
279,"1402 Fairhaven Dr, Mansfield, TX 76063",Realtor,"410,000","3,643",3,3,32.588485,-97.115328
220,"2100 Westchester Dr, Mansfield, TX 76063",Realtor,"410,000","3,159",3.5,4,32.588555,-97.104261
206,"2204 Bent Creek Ct, Mansfield, TX 76063",Realtor,"410,250","4,050",4.5,5,32.608635,-97.105991
132,"4215 Woodcrest Ln, Mansfield, TX 76063",Realtor,"411,000","4,019",4,5,32.584932,-97.070052
102,"503 Daffodil Ln, Mansfield, TX 76063",Realtor,"411,577","4,010",4.5,5,32.554404,-97.06127
182,"2773 Nelson Wyatt Rd, Mansfield, TX 76063",Realtor,"415,000","3,879",4,5,32.610031,-97.17192
277,"1406 Tate Ct, Mansfield, TX 76063",Realtor,"419,900","3,081",2.5,3,32.578238,-97.166998
48,"7109 Sussex Ln, Mansfield, TX 76063",Realtor,"419,990","3,048",3,4,32.56828,-97.200959
7,"971 N Day Miar Rd, Grand Prairie, TX 76063",By Owner,"420,000","2,300",2,5,32.604284,-97.072982
148,"3403 W Hunter Bend Ct, Mansfield, TX 76063",Realtor,"425,000","3,623",2.5,3,32.614294,-97.151041
50,"708 Montclaire Dr, Mansfield, TX 76063",Realtor,"425,000","4,155",3.5,4,32.574903,-97.102685
41,"7199 Rendon Bloodworth Rd, Mansfield, TX 76063",By Owner,"425,000","1,493",2,3,32.574379,-97.206254
143,"400 Sierra Ave, Mansfield, TX 76063",Realtor,"434,612","3,955",4.5,5,32.569688,-97.062476
17,"813 Colby Dr, Mansfield, TX 76063",Realtor,"437,525","3,069",3,3,32.574525,-97.097907
57,"703 McGill Ct, Mansfield, TX 76063",Realtor,"439,000","3,740",3.5,4,32.574965,-97.09705
172,"3003 Reese Park Dr, Mansfield, TX 76062",Realtor,"442,000","3,431",3.5,4,32.57468,-97.132914
303,"1209 Swan St, Mansfield, TX 76063",Realtor,"448,000","3,655",3,4,32.576908,-97.135729
108,"4913 Havenside Way, Mansfield, TX 76063",Realtor,"449,500","4,305",4,5,32.558928,-97.057235
210,"213 Cedar Rock Ct, Mansfield, TX 76063",Realtor,"450,000","3,210",3,5,32.601037,-97.17352
59,"701 Elm Creek Cir, Mansfield, TX 76063",Realtor,"452,937","3,924",3.5,4,32.57206,-97.153344
56,"705 Colby Dr, Mansfield, TX 76063",Realtor,"455,000","3,838",3.5,4,32.57518,-97.096545
24,"8020 Hess Dr, Mansfield, TX 76063",Realtor,"455,478","3,092",2.5,4,32.563192,-97.141677
11,"910 Riviera Dr, Mansfield, TX 76063",Realtor,"459,000","4,181",3.5,5,32.587542,-97.11526
26,"8015 Hess Dr, Mansfield, TX 76063",Realtor,"469,990","3,291",3.5,4,32.563192,-97.141677
95,"517 Pine Island Cir, Mansfield, TX 76063",Realtor,"470,565","3,886",4,5,32.572648,-97.15019
13,"901 Colby Dr, Mansfield, TX 76063",Realtor,"472,827","3,532",3,4,32.574525,-97.097907
111,"4705 Waterford Glen Dr, Mansfield, TX 76063",Realtor,"474,338","4,127",3.5,5,32.571636,-97.064282
35,"7400 Hinton Dr, Mansfield, TX 76063",Realtor,"474,500","4,818",3,4,32.566829,-97.196188
33,"7712 County Road 526, Mansfield, TX 76063",By Owner,"474,900","2,740",3,4,32.539568,-97.169042
269,"15 S Holland Rd, Mansfield, TX 76063",Realtor,"479,000","2,679",3,3,32.565043,-97.064286
123,"4307 Waterford Glen Dr, Mansfield, TX 76063",Realtor,"480,525","3,820",4,5,32.570643,-97.067475
36,"7384 Gibson Cemetery Rd, Mansfield, TX 76063",Realtor,"489,900","2,240",2,3,32.59313,-97.203895
27,"8012 Hess Dr, Mansfield, TX 76063",Realtor,"489,900","3,711",3.5,4,32.563192,-97.141677
318,"1104 Delaware Dr, Mansfield, TX 76063",Realtor,"490,000","4,744",4,5,32.580324,-97.160086
297,"1222 Delaware Dr, Mansfield, TX 76063",Realtor,"495,000","4,863",4.5,4,32.581005,-97.164184
12,"902 McCampbell Rd, Mansfield, TX 76063",Realtor,"495,000","3,488",4,4,32.591463,-97.089896
268,"1501 N Walnut Creek Dr, Mansfield, TX 76063",Realtor,"499,000","3,839",3.5,4,32.592278,-97.132281
207,"2203 Canterbury Dr, Mansfield, TX 76063",Realtor,"513,500","3,860",3.5,4,32.590906,-97.103244
333,"1001 Walnut Falls Cir, Mansfield, TX 76063",Realtor,"515,000","4,105",5,5,32.577869,-97.105114
47,"7117 Twin Oaks Ct, Mansfield, TX 76063",Realtor,"515,000","4,131",3.5,4,32.568525,-97.206263
229,"2001 N Main St, Mansfield, TX 76063",Realtor,"529,000","3,905",3.5,5,32.594267,-97.167432
295,"1304 E Broad St, Mansfield, TX 76063",By Owner,"535,000","2,500",2.5,5,32.565708,-97.125332
224,"2014 Royal Crest Dr, Mansfield, TX 76063",Realtor,"535,000","4,007",4,4,32.593048,-97.098812
252,"1701 Commerce Dr, Mansfield, TX 76063",Realtor,"539,000","4,000",3,4,32.554313,-97.115901
208,"2202 Stonebridge Ln, Mansfield, TX 76063",Realtor,"540,000","4,011",3.5,5,32.591173,-97.102893
105,"500 Sierra Ave, Mansfield, TX 76063",Realtor,"545,783","4,286",4,5,32.569688,-97.062476
10,"915 Walnut Falls Cir, Mansfield, TX 76063",Realtor,"549,000","3,503",3.5,3,32.577382,-97.104811
226,"2010 Royal Crest Dr, Mansfield, TX 76063",Realtor,"554,900","4,024",3.5,4,32.59263,-97.098527
240,"1777 Fm Rd # 1187, Mansfield, TX 76063",Realtor,"566,000","2,500",3.5,4,32.586523,-97.170837
53,"706 San Ysidro Trl, Mansfield, TX 76063",Realtor,"574,916","4,400",4,4,32.569673,-97.061312
31,"8 Park Pl, Mansfield, TX 76063",Realtor,"625,000","5,185",3.5,5,32.593412,-97.095337
196,"2314 Chaparral Trl, Mansfield, TX 76063",Realtor,"637,000","3,831",3.5,5,32.583675,-97.089872
61,"7000 Heritage Oaks Dr, Mansfield, TX 76063",Realtor,"639,000","5,598",4.5,4,32.583997,-97.211864
195,"2314 Royal Oaks Dr, Mansfield, TX 76063",Realtor,"645,000","4,374",4.5,5,32.590059,-97.099782
8,"941 McCampbell Rd, Mansfield, TX 76063",Realtor,"660,000","2,644",2.5,4,32.592696,-97.093698
181,"2780 Nelson Wyatt Rd, Mansfield, TX 76063",Realtor,"700,000","3,000",3,5,32.611574,-97.170435
60,"7001 Diamond Oaks Dr, Mansfield, TX 76063",Realtor,"715,000","4,367",3.5,4,32.583269,-97.211314
87,"600 Highway 287 S, Mansfield, TX 76063",By Owner,"739,000","3,500",3,4,32.567083,-97.117725
312,"11120 County Road 525, Mansfield, TX 76063",By Owner,"749,000","2,358",2.5,3,32.528869,-97.176754
261,"1608 Arborcreek Trl, Mansfield, TX 76063",Realtor,"750,000","5,070",4.5,4,32.585716,-97.099042
223,"203 S Wisteria St, Mansfield, TX 76063",By Owner,"786,105","3,019",3,5,32.565931,-97.123241
64,"6809 Heritage Oaks Dr, Mansfield, TX 76063",Realtor,"819,900","5,202",4.5,5,32.582821,-97.212052
157,"3190-4 E Broad St, Mansfield, TX 76063",Realtor,"831,701","3,200",2,4,32.57767,-97.079714
68,"6384 Newt Patterson Rd, Mansfield, TX 76063",By Owner,"850,000","2,200",3,4,32.584019,-97.186687
336,"1 Glen Abbey Ct, Mansfield, TX 76063",Realtor,"979,900","7,000",6.5,5,32.58222,-97.105091
280,"1401 Fm Rd # 1187, Mansfield, TX 76028",Realtor,"1,054,120","4,000",2.5,4,32.589135,-97.165297
86,"600 S US Highway 287, Mansfield, TX 76063",Realtor,"1,094,000","3,200",3,4,32.567083,-97.117725
144,"400 S Highway 287, Mansfield, TX 76063",Realtor,"1,175,000","3,200",3.5,6,32.57249,-97.119926
237,"1892 Fm Rd # 1187, Mansfield, TX 76063",Realtor,"1,205,570","4,000",3,5,32.586071,-97.174234
241,"1770 US Highway 287, Mansfield, TX 76063",By Owner,"1,216,000","3,115",3.5,4,32.598308,-97.146013
89,"585 E Debbie Ln, Mansfield, TX 76063",Realtor,"1,250,000","5,520",2,5,32.599606,-97.130427
3,"Highway 360 Lot A, Mansfield, TX 76063",Realtor,"1,250,000","8,500",3,5,32.570543,-97.081768
2,"Highway 360 Lot B, Mansfield, TX 76063",Realtor,"1,250,000","8,500",2,5,32.570543,-97.081768
257,"1613 Valleywood Trl, Mansfield, TX 76063",Realtor,"1,289,000","6,023",4.5,5,32.585974,-97.100872
254,"1700 Commerce Dr, Mansfield, TX 76063",By Owner,"1,294,000","4,000",3,4,32.554675,-97.113757
34,"764 S Mitchell Rd, Mansfield, TX 76063",Realtor,"1,473,000","5,500",2.5,5,32.549594,-97.108357
156,"3190-5 E Broad St, Mansfield, TX 76063",Realtor,"1,564,808","3,500",3.5,7,32.57767,-97.079714
238,"1850 Enchanted Ln, Mansfield, TX 76063",Realtor,"1,995,000","8,740",5.5,5,32.589237,-97.094231
84,"601 E Debbie Ln, Mansfield, TX 76063",By Owner,"2,151,864","4,000",3.5,7,32.599803,-97.129966
30,"8 Woodland Dr, Mansfield, TX 76063",Realtor,"2,275,000","12,200",8.5,6,32.606302,-97.159064
14,"871 Lillian Rd, Mansfield, TX 76063",Realtor,"2,590,000","5,420",4,9,32.554205,-97.166444
6,"County Road 520, Mansfield, TX 76063",Realtor,"2,897,965","8,000",4.5,6,32.52182,-97.128397
317,803 Parkhill Dr. Mansfield TX 76063,Realtor,"3,500,000","5,400",3.5,4,32.575516,-97.141527
29,"80 Regency Pkwy, Mansfield, TX 76063",Realtor,"3,500,000","4,800",3.5,6,32.563366,-97.104669
1,"Hwy 360 Fwy Lot C, Mansfield, TX 76063",Realtor,"300,000","2,300",4,2,32.563192,-97.141677
